id,name,model_id:id,group_id:id,perm_read,perm_write,perm_create,perm_unlink
access_arbetsgivarintyg,arbetsgivarintyg,model_l10n_se_arbetsgivarintyg,base.group_user,1,0,0,0
access_arbetsgivarintyg_hr,arbetsgivarintyg.hr,model_l10n_se_arbetsgivarintyg,hr.group_hr_user,1,1,1,1
access_arbetsgivarintyg_tjanstledighet,arbetsgivarintyg.tjanstledighet,model_l10n_se_arbetsgivarintyg_tjanstledighet,base.group_user,1,0,0,0
access_arbetsgivarintyg_tjanstledighet_hr,arbetsgivarintyg.tjanstledighet.hr,model_l10n_se_arbetsgivarintyg_tjanstledighet,hr.group_hr_user,1,1,1,1
access_arbetsgivarintyg_arbetad_tid,arbetsgivarintyg.arbetad_tid,model_l10n_se_arbetsgivarintyg_arbetad_tid,base.group_user,1,0,0,0
access_arbetsgivarintyg_arbetad_tid_hr,arbetsgivarintyg.arbetad_tid.hr,model_l10n_se_arbetsgivarintyg_arbetad_tid,hr.group_hr_user,1,1,1,1
access_arbetsgivarintyg_lonetillagg,arbetsgivarintyg.lonetillagg,model_l10n_se_arbetsgivarintyg_lonetillagg,base.group_user,1,0,0,0
access_arbetsgivarintyg_lonetillagg_hr,arbetsgivarintyg.lonetillagg.hr,model_l10n_se_arbetsgivarintyg_lonetillagg,hr.group_hr_user,1,1,1,1
access_arbetsgivarintyg_send_wizard,arbetsgivarintyg.send.wizard,model_l10n_se_arbetsgivarintyg_send_wizard,base.group_user,1,1,1,1
