<?xml version="1.0" encoding="UTF-8"?>
<office:document-content xmlns:officeooo="http://openoffice.org/2009/office" xmlns:css3t="http://www.w3.org/TR/css3-text/" xmlns:grddl="http://www.w3.org/2003/g/data-view#" xmlns:xhtml="http://www.w3.org/1999/xhtml" xmlns:xsi="http://www.w3.org/2001/XMLSchema-instance" xmlns:chart="urn:oasis:names:tc:opendocument:xmlns:chart:1.0" xmlns:svg="urn:oasis:names:tc:opendocument:xmlns:svg-compatible:1.0" xmlns:draw="urn:oasis:names:tc:opendocument:xmlns:drawing:1.0" xmlns:rpt="http://openoffice.org/2005/report" xmlns:text="urn:oasis:names:tc:opendocument:xmlns:text:1.0" xmlns:style="urn:oasis:names:tc:opendocument:xmlns:style:1.0" xmlns:meta="urn:oasis:names:tc:opendocument:xmlns:meta:1.0" xmlns:xlink="http://www.w3.org/1999/xlink" xmlns:fo="urn:oasis:names:tc:opendocument:xmlns:xsl-fo-compatible:1.0" xmlns:of="urn:oasis:names:tc:opendocument:xmlns:of:1.2" xmlns:dc="http://purl.org/dc/elements/1.1/" xmlns:ooo="http://openoffice.org/2004/office" xmlns:dr3d="urn:oasis:names:tc:opendocument:xmlns:dr3d:1.0" xmlns:formx="urn:openoffice:names:experimental:ooxml-odf-interop:xmlns:form:1.0" xmlns:calcext="urn:org:documentfoundation:names:experimental:calc:xmlns:calcext:1.0" xmlns:drawooo="http://openoffice.org/2010/draw" xmlns:field="urn:openoffice:names:experimental:ooo-ms-interop:xmlns:field:1.0" xmlns:office="urn:oasis:names:tc:opendocument:xmlns:office:1.0" xmlns:table="urn:oasis:names:tc:opendocument:xmlns:table:1.0" xmlns:number="urn:oasis:names:tc:opendocument:xmlns:datastyle:1.0" xmlns:ooow="http://openoffice.org/2004/writer" xmlns:oooc="http://openoffice.org/2004/calc" xmlns:tableooo="http://openoffice.org/2009/table" xmlns:loext="urn:org:documentfoundation:names:experimental:office:xmlns:loext:1.0" xmlns:math="http://www.w3.org/1998/Math/MathML" xmlns:form="urn:oasis:names:tc:opendocument:xmlns:form:1.0" xmlns:script="urn:oasis:names:tc:opendocument:xmlns:script:1.0" xmlns:dom="http://www.w3.org/2001/xml-events" xmlns:xforms="http://www.w3.org/2002/xforms" xmlns:xsd="http://www.w3.org/2001/XMLSchema" office:version="1.2"><office:scripts/><office:font-face-decls><style:font-face style:name="FreeSans1" svg:font-family="FreeSans" style:font-family-generic="swiss"/><style:font-face style:name="Liberation Mono" svg:font-family="&apos;Liberation Mono&apos;" style:font-family-generic="modern" style:font-pitch="fixed"/><style:font-face style:name="Noto Sans Mono CJK SC" svg:font-family="&apos;Noto Sans Mono CJK SC&apos;" style:font-family-generic="modern" style:font-pitch="fixed"/><style:font-face style:name="Liberation Serif" svg:font-family="&apos;Liberation Serif&apos;" style:font-family-generic="roman" style:font-pitch="variable"/><style:font-face style:name="Arial1" svg:font-family="Arial" style:font-family-generic="swiss" style:font-pitch="variable"/><style:font-face style:name="Arial2" svg:font-family="Arial" style:font-adornments="Gras" style:font-family-generic="swiss" style:font-pitch="variable"/><style:font-face style:name="Arial" svg:font-family="Arial" style:font-adornments="Normal" style:font-family-generic="swiss" style:font-pitch="variable"/><style:font-face style:name="Liberation Sans" svg:font-family="&apos;Liberation Sans&apos;" style:font-family-generic="swiss" style:font-pitch="variable"/><style:font-face style:name="FreeSans" svg:font-family="FreeSans" style:font-family-generic="system" style:font-pitch="variable"/><style:font-face style:name="Noto Sans CJK SC Regular" svg:font-family="&apos;Noto Sans CJK SC Regular&apos;" style:font-family-generic="system" style:font-pitch="variable"/></office:font-face-decls><office:automatic-styles><style:style style:name="Tableau5" style:family="table"><style:table-properties style:width="27.693cm" table:align="left"/></style:style><style:style style:name="Tableau5.A" style:family="table-column"><style:table-column-properties style:column-width="13.802cm"/></style:style><style:style style:name="Tableau5.B" style:family="table-column"><style:table-column-properties style:column-width="2.492cm"/></style:style><style:style style:name="Tableau5.C" style:family="table-column"><style:table-column-properties style:column-width="11.398cm"/></style:style><style:style style:name="Tableau5.1" style:family="table-row"><style:table-row-properties fo:keep-together="always"/></style:style><style:style style:name="Tableau5.A1" style:family="table-cell"><style:table-cell-properties style:vertical-align="middle" fo:background-color="#eeeeee" fo:padding="0.097cm" fo:border-left="0.05pt solid #000000" fo:border-right="none" fo:border-top="0.05pt solid #000000" fo:border-bottom="0.05pt solid #000000"><style:background-image/></style:table-cell-properties></style:style><style:style style:name="Tableau5.C1" style:family="table-cell"><style:table-cell-properties style:vertical-align="middle" fo:background-color="#eeeeee" fo:padding="0.097cm" fo:border="0.05pt solid #000000"><style:background-image/></style:table-cell-properties></style:style><style:style style:name="Tableau5.A2" style:family="table-cell"><style:table-cell-properties fo:padding="0.097cm" fo:border-left="0.05pt solid #000000" fo:border-right="none" fo:border-top="none" fo:border-bottom="0.05pt solid #000000"/></style:style><style:style style:name="Tableau5.B2" style:family="table-cell"><style:table-cell-properties fo:padding="0.097cm" fo:border-left="0.05pt solid #000000" fo:border-right="none" fo:border-top="none" fo:border-bottom="0.05pt solid #000000"/></style:style><style:style style:name="Tableau5.C2" style:family="table-cell"><style:table-cell-properties fo:padding="0.097cm" fo:border-left="0.05pt solid #000000" fo:border-right="0.05pt solid #000000" fo:border-top="none" fo:border-bottom="0.05pt solid #000000"/></style:style><style:style style:name="Tableau5.A3" style:family="table-cell"><style:table-cell-properties style:vertical-align="bottom" fo:padding="0.097cm" fo:border-left="0.05pt solid #000000" fo:border-right="none" fo:border-top="none" fo:border-bottom="0.05pt solid #000000"/></style:style><style:style style:name="Tableau5.B3" style:family="table-cell"><style:table-cell-properties style:vertical-align="bottom" fo:padding="0.097cm" fo:border-left="0.05pt solid #000000" fo:border-right="none" fo:border-top="none" fo:border-bottom="0.05pt solid #000000"/></style:style><style:style style:name="Tableau5.C3" style:family="table-cell"><style:table-cell-properties style:vertical-align="bottom" fo:padding="0.097cm" fo:border-left="0.05pt solid #000000" fo:border-right="0.05pt solid #000000" fo:border-top="none" fo:border-bottom="0.05pt solid #000000"/></style:style><style:style style:name="Tableau5.A4" style:family="table-cell"><style:table-cell-properties fo:padding="0.097cm" fo:border-left="0.05pt solid #000000" fo:border-right="none" fo:border-top="none" fo:border-bottom="0.05pt solid #000000"/></style:style><style:style style:name="Tableau5.B4" style:family="table-cell"><style:table-cell-properties fo:padding="0.097cm" fo:border-left="0.05pt solid #000000" fo:border-right="none" fo:border-top="none" fo:border-bottom="0.05pt solid #000000"/></style:style><style:style style:name="Tableau5.C4" style:family="table-cell"><style:table-cell-properties fo:padding="0.097cm" fo:border-left="0.05pt solid #000000" fo:border-right="0.05pt solid #000000" fo:border-top="none" fo:border-bottom="0.05pt solid #000000"/></style:style><style:style style:name="P1" style:family="paragraph" style:parent-style-name="Standard"><style:text-properties fo:font-size="4pt" officeooo:paragraph-rsid="0007d180" style:font-size-asian="3.5pt" style:font-size-complex="4pt"/></style:style><style:style style:name="P2" style:family="paragraph" style:parent-style-name="Table_20_Contents"><style:text-properties officeooo:rsid="01e0f364" officeooo:paragraph-rsid="01e0f364"/></style:style><style:style style:name="P3" style:family="paragraph" style:parent-style-name="Table_20_Contents"><style:text-properties officeooo:paragraph-rsid="0007d180"/></style:style><style:style style:name="P4" style:family="paragraph" style:parent-style-name="Header"><style:text-properties style:font-name="Arial1" fo:font-size="8pt" officeooo:rsid="000d9e36" officeooo:paragraph-rsid="01de37c9" style:font-size-asian="8pt" style:font-size-complex="8pt"/></style:style><style:style style:name="P5" style:family="paragraph" style:parent-style-name="Header"><style:text-properties officeooo:paragraph-rsid="01eb9a6f"/></style:style><style:style style:name="P6" style:family="paragraph" style:parent-style-name="Standard"><style:text-properties officeooo:paragraph-rsid="01e394de"/></style:style><style:style style:name="P7" style:family="paragraph" style:parent-style-name="Standard"><style:paragraph-properties style:shadow="none"><style:tab-stops/></style:paragraph-properties><style:text-properties officeooo:paragraph-rsid="01e394de"/></style:style><style:style style:name="P8" style:family="paragraph" style:parent-style-name="Standard"><style:paragraph-properties style:shadow="none"><style:tab-stops/></style:paragraph-properties><style:text-properties officeooo:paragraph-rsid="01e5ba08"/></style:style><style:style style:name="P9" style:family="paragraph" style:parent-style-name="Standard" style:master-page-name="Standard"><style:paragraph-properties style:page-number="auto" style:shadow="none"><style:tab-stops/></style:paragraph-properties><style:text-properties officeooo:paragraph-rsid="01e394de"/></style:style><style:style style:name="P10" style:family="paragraph" style:parent-style-name="Table_20_Main_20_Content_20_Left"><style:text-properties officeooo:paragraph-rsid="01e5ba08"/></style:style><style:style style:name="P11" style:family="paragraph" style:parent-style-name="Table_20_Main_20_Content_20_Left"><style:text-properties officeooo:rsid="01e5ba08" officeooo:paragraph-rsid="01e5ba08"/></style:style><style:style style:name="P12" style:family="paragraph" style:parent-style-name="Table_20_Main_20_Content_20_Right"><style:text-properties officeooo:paragraph-rsid="01e5ba08"/></style:style><style:style style:name="P13" style:family="paragraph" style:parent-style-name="Table_20_Main_20_Content_20_Small_20_Left"><style:text-properties officeooo:paragraph-rsid="01e5ba08"/></style:style><style:style style:name="P14" style:family="paragraph" style:parent-style-name="Table_20_Main_20_Header"><style:text-properties officeooo:rsid="01b981b4" officeooo:paragraph-rsid="01e5ba08"/></style:style><style:style style:name="P15" style:family="paragraph" style:parent-style-name="Table_20_Main_20_Header"><style:text-properties officeooo:paragraph-rsid="01e5ba08"/></style:style><style:style style:name="P16" style:family="paragraph" style:parent-style-name="Table_20_Main_20_Header"><style:text-properties officeooo:rsid="01e5ba08" officeooo:paragraph-rsid="01e5ba08"/></style:style><style:style style:name="P17" style:family="paragraph" style:parent-style-name="Table_20_Main_20_Header"><style:text-properties style:font-name="Arial1" fo:font-size="9pt" fo:font-weight="bold" officeooo:rsid="01e5ba08" officeooo:paragraph-rsid="01e5ba08" style:font-size-asian="11pt" style:font-size-complex="11pt"/></style:style><style:style style:name="T1" style:family="text"><style:text-properties style:font-name="Arial1" fo:font-size="8pt" officeooo:rsid="000d9e36" style:font-size-asian="8pt" style:font-size-complex="8pt"/></style:style><style:style style:name="T2" style:family="text"><style:text-properties style:font-name="Arial1" fo:font-size="8pt" officeooo:rsid="00daa6d0" style:font-size-asian="8pt" style:font-size-complex="8pt"/></style:style><style:style style:name="T3" style:family="text"><style:text-properties style:font-name="Arial1" fo:font-size="8pt" officeooo:rsid="00d2f3b4" style:font-size-asian="8pt" style:font-size-complex="8pt"/></style:style><style:style style:name="T4" style:family="text"><style:text-properties style:font-name="Arial1" fo:font-size="8pt" officeooo:rsid="01c069a8" style:font-size-asian="8pt" style:font-size-complex="8pt"/></style:style><style:style style:name="T5" style:family="text"><style:text-properties style:font-name="Arial1" fo:font-size="8pt" officeooo:rsid="00d936c0" style:font-size-asian="8pt" style:font-size-complex="8pt"/></style:style><style:style style:name="T6" style:family="text"><style:text-properties style:font-name="Arial1" fo:font-size="9pt" fo:font-weight="bold" style:font-size-asian="11pt" style:font-size-complex="11pt"/></style:style><style:style style:name="T7" style:family="text"><style:text-properties style:font-name="Arial1" fo:font-size="9pt" fo:font-weight="bold" officeooo:rsid="01e5ba08" style:font-size-asian="11pt" style:font-size-complex="11pt"/></style:style><style:style style:name="T8" style:family="text"><style:text-properties officeooo:rsid="01c72bed"/></style:style><style:style style:name="T9" style:family="text"><style:text-properties officeooo:rsid="01b981b4"/></style:style><style:style style:name="T10" style:family="text"><style:text-properties officeooo:rsid="01d3b85d"/></style:style><style:style style:name="T11" style:family="text"><style:text-properties officeooo:rsid="01d2b143"/></style:style><style:style style:name="T12" style:family="text"><style:text-properties officeooo:rsid="01ce4a26"/></style:style><style:style style:name="T13" style:family="text"><style:text-properties officeooo:rsid="01c395a8"/></style:style><style:style style:name="T14" style:family="text"><style:text-properties officeooo:rsid="01c9bda5"/></style:style><style:style style:name="T15" style:family="text"><style:text-properties officeooo:rsid="01d65ae8"/></style:style><style:style style:name="T16" style:family="text"><style:text-properties officeooo:rsid="01b98731"/></style:style><style:style style:name="T17" style:family="text"><style:text-properties officeooo:rsid="01e5ba08"/></style:style><style:style style:name="T18" style:family="text"><style:text-properties style:font-name="Arial" fo:font-size="8pt" officeooo:rsid="01e5ba08" style:font-size-asian="10.5pt"/></style:style><style:style style:name="T19" style:family="text"><style:text-properties officeooo:rsid="01e9a767"/></style:style></office:automatic-styles><office:body><office:text><office:forms form:automatic-focus="false" form:apply-design-mode="false"/><text:sequence-decls><text:sequence-decl text:display-outline-level="0" text:name="Illustration"/><text:sequence-decl text:display-outline-level="0" text:name="Table"/><text:sequence-decl text:display-outline-level="0" text:name="Text"/><text:sequence-decl text:display-outline-level="0" text:name="Drawing"/><text:sequence-decl text:display-outline-level="0" text:name="Figure"/></text:sequence-decls><text:user-field-decls><text:user-field-decl office:value-type="string" office:string-value="Header Line" text:name="py3o.hline"/><text:user-field-decl office:value-type="string" office:string-value="Nom société" text:name="py3o.user.company_id.name"/><text:user-field-decl office:value-type="string" office:string-value="Rue Société" text:name="py3o.user.company_id.street"/><text:user-field-decl office:value-type="string" office:string-value="Zip Société" text:name="py3o.user.company_id.zip"/><text:user-field-decl office:value-type="string" office:string-value="Ville Société" text:name="py3o.user.company_id.city"/><text:user-field-decl office:value-type="string" office:string-value="Pays Société" text:name="py3o.user.company_id.country_id.name"/><text:user-field-decl office:value-type="string" office:string-value="Tél société" text:name="py3o.user.company_id.phone"/><text:user-field-decl office:value-type="string" office:string-value="Fax société" text:name="py3o.user.company_id.fax"/><text:user-field-decl office:value-type="string" office:string-value="Site web société" text:name="py3o.user.company_id.website"/><text:user-field-decl office:value-type="string" office:string-value="TVA société" text:name="py3o.user.company_id.vat"/><text:user-field-decl office:value-type="string" office:string-value="SIRET société" text:name="py3o.user.company_id.siret"/><text:user-field-decl office:value-type="string" office:string-value="APE société" text:name="py3o.user.company_id.ape"/><text:user-field-decl office:value-type="string" office:string-value="Company Legal Type" text:name="py3o.user.company_id.legal_type"/><text:user-field-decl office:value-type="string" office:string-value="Order State" text:name="py3o.o.state"/><text:user-field-decl office:value-type="string" office:string-value="Numéro facture retenu" text:name="py3o.o.move_name"/><text:user-field-decl office:value-type="string" office:string-value="Expense Number" text:name="py3o.o.number"/><text:user-field-decl office:value-type="string" office:string-value="Société addresse livraison" text:name="py3o.o.partner_shipping_id.parent_id.name_title"/><text:user-field-decl office:value-type="string" office:string-value="Nom addresse livraison" text:name="py3o.o.partner_shipping_id.name_title"/><text:user-field-decl office:value-type="string" office:string-value="Address Line Dest Partner" text:name="py3o.sline"/><text:user-field-decl office:value-type="string" office:string-value="Delivery partner Phone" text:name="py3o.o.partner_shipping_id.phone"/><text:user-field-decl office:value-type="string" office:string-value="Delivery partner Fax" text:name="py3o.o.partner_shipping_id.fax"/><text:user-field-decl office:value-type="string" office:string-value="Delivery partner Mobile" text:name="py3o.o.partner_shipping_id.mobile"/><text:user-field-decl office:value-type="string" office:string-value="Delivery partner Email" text:name="py3o.o.partner_shipping_id.email"/><text:user-field-decl office:value-type="string" office:string-value="Invoice partner Company" text:name="py3o.o.partner_id.parent_id.name"/><text:user-field-decl office:value-type="string" office:string-value="Invoice partner Name" text:name="py3o.o.partner_id.name"/><text:user-field-decl office:value-type="string" office:string-value="Supplier address Line" text:name="py3o.addrline"/><text:user-field-decl office:value-type="string" office:string-value="Customer Ref" text:name="py3o.o.commercial_partner_id.ref"/><text:user-field-decl office:value-type="string" office:string-value="Customer VAT Number" text:name="py3o.o.commercial_partner_id.vat"/><text:user-field-decl office:value-type="string" office:string-value="Commercial Customer SIREN" text:name="py3o.o.commercial_partner_id.siren"/><text:user-field-decl office:value-type="string" office:string-value="Payment terms" text:name="py3o.o.payment_term_id.name"/><text:user-field-decl office:value-type="string" office:string-value="Incoterms" text:name="py3o.o.incoterms_id.display_name"/><text:user-field-decl office:value-type="string" office:string-value="Salesman" text:name="py3o.o.user_id.name"/><text:user-field-decl office:value-type="string" office:string-value="Salesman Phone" text:name="py3o.o.user_id.phone"/><text:user-field-decl office:value-type="string" office:string-value="Salesman Mobile" text:name="py3o.o.user_id.mobile"/><text:user-field-decl office:value-type="string" office:string-value="Salesman Email" text:name="py3o.o.user_id.email"/><text:user-field-decl office:value-type="string" office:string-value="Line Name" text:name="py3o.l.name"/><text:user-field-decl office:value-type="string" office:string-value="Product LPP name" text:name="py3o.l.product_id.lpp_code_id.name"/><text:user-field-decl office:value-type="string" office:string-value="Tax Name" text:name="py3o.t.name"/><text:user-field-decl office:value-type="string" office:string-value="Payment Ref" text:name="py3o.p.ref"/><text:user-field-decl office:value-type="string" office:string-value="Comment Line" text:name="py3o.commentline"/><text:user-field-decl office:value-type="string" office:string-value="Bank Account Number" text:name="py3o.o.partner_bank_id.acc_number"/><text:user-field-decl office:value-type="string" office:string-value="BIC" text:name="py3o.o.partner_bank_id.bank_id.bic"/><text:user-field-decl office:value-type="string" office:string-value="Bank Name" text:name="py3o.o.partner_bank_id.bank_id.name"/><text:user-field-decl office:value-type="string" office:string-value="Fiscal Position Notes" text:name="py3o.o.fiscal_position_id.note"/><text:user-field-decl office:value-type="string" office:string-value="Incoterms" text:name="py3o.o.incoterms_id.name"/><text:user-field-decl office:value-type="string" office:string-value="Direct debit Mandate Ref" text:name="py3o.o.mandate_id.unique_mandate_reference"/><text:user-field-decl office:value-type="string" office:string-value="Direct debit mandate Bank account number" text:name="py3o.o.mandate_id.partner_bank_id.acc_number"/><text:user-field-decl office:value-type="string" office:string-value="Company ICS" text:name="py3o.o.company_id.sepa_creditor_identifier"/><text:user-field-decl office:value-type="string" office:string-value="Lang" text:name="py3o.o.partner_id.lang"/><text:user-field-decl office:value-type="string" office:string-value="Titre" text:name="py3o.o.partner_shipping_id.title.shortcut"/><text:user-field-decl office:value-type="string" office:string-value="Expense name" text:name="py3o.o.name"/><text:user-field-decl office:value-type="string" office:string-value="Vendor Reference" text:name="py3o.o.partner_ref"/><text:user-field-decl office:value-type="string" office:string-value="Destination address Phone" text:name="py3o.o.dest_address_id.phone"/><text:user-field-decl office:value-type="string" office:string-value="Destination address Fax" text:name="py3o.o.dest_address_id.fax"/><text:user-field-decl office:value-type="string" office:string-value="Destination address Mobile" text:name="py3o.o.dest_address_id.mobile"/><text:user-field-decl office:value-type="string" office:string-value="Destination address Email" text:name="py3o.o.dest_address_id.email"/><text:user-field-decl office:value-type="string" office:string-value="Address Line Picking Type" text:name="py3o.wline"/><text:user-field-decl office:value-type="string" office:string-value="Supplier Ref" text:name="py3o.o.partner_id.commercial_partner_id.ref"/><text:user-field-decl office:value-type="string" office:string-value="Supplier VAT number" text:name="py3o.o.partner_id.commercial_partner_id.vat"/><text:user-field-decl office:value-type="string" office:string-value="Incoterms" text:name="py3o.o.incoterm_id.name"/><text:user-field-decl office:value-type="string" office:string-value="Address Line Invoice Partner" text:name="py3o.iline"/><text:user-field-decl office:value-type="string" office:string-value="Adresse Line Order partner" text:name="py3o.oline"/><text:user-field-decl office:value-type="string" office:string-value="Customer Order Ref" text:name="py3o.o.client_order_ref"/><text:user-field-decl office:value-type="string" office:string-value="Salesman line" text:name="py3o.userline"/><text:user-field-decl office:value-type="string" office:string-value="Incoterms" text:name="py3o.o.incoterm"/><text:user-field-decl office:value-type="string" office:string-value="Incoterms" text:name="py3o.o.incoterm.name"/><text:user-field-decl office:value-type="string" office:string-value="Order Line Description" text:name="py3o.nameline"/><text:user-field-decl office:value-type="string" office:string-value="IBAN" text:name="py3o.o.payment_mode_id.fixed_journal_id.bank_account_id.acc_number"/><text:user-field-decl office:value-type="string" office:string-value="BIC" text:name="py3o.o.payment_mode_id.fixed_journal_id.bank_account_id.bank_id.bic"/><text:user-field-decl office:value-type="string" office:string-value="Bank Name" text:name="py3o.o.payment_mode_id.fixed_journal_id.bank_account_id.bank_id.name"/><text:user-field-decl office:value-type="string" office:string-value="Payment mode" text:name="py3o.o.payment_mode_id.name"/><text:user-field-decl office:value-type="string" office:string-value="Document Name" text:name="py3o.doc_name"/><text:user-field-decl office:value-type="string" office:string-value="Customer Ref Label" text:name="py3o.customer_ref_label"/><text:user-field-decl office:value-type="string" office:string-value="Customer VAT Label" text:name="py3o.customer_vat_label"/><text:user-field-decl office:value-type="string" office:string-value="Bank Label" text:name="py3o.bank_label"/><text:user-field-decl office:value-type="string" office:string-value="Line Ref" text:name="py3o.l.reference"/><text:user-field-decl office:value-type="string" office:string-value="Employee" text:name="py3o.o.employee_id.name"/><text:user-field-decl office:value-type="string" office:string-value="Validated by" text:name="py3o.o.responsible_id.name"/><text:user-field-decl office:value-type="string" office:string-value="Description Line" text:name="py3o.descline"/></text:user-field-decls><text:p text:style-name="P9"><text:a xlink:type="simple" xlink:href="py3o://for=%22obj%20in%20objects%22" text:style-name="Internet_20_link" text:visited-style-name="Visited_20_Internet_20_Link"><text:span text:style-name="T3">for=&quot;obj in objects&quot;</text:span></text:a></text:p><text:p text:style-name="P7"><text:span text:style-name="T2"/></text:p><text:p text:style-name="P8"><text:span text:style-name="T2"/></text:p><table:table table:name="Tableau5" table:style-name="Tableau5"><table:table-column table:style-name="Tableau5.A"/><table:table-column table:style-name="Tableau5.B"/><table:table-column table:style-name="Tableau5.C"/><table:table-header-rows><table:table-row table:style-name="Tableau5.1"><table:table-cell table:style-name="Tableau5.A1" office:value-type="string"><text:p text:style-name="P17">Code</text:p></table:table-cell><table:table-cell table:style-name="Tableau5.A1" office:value-type="string"><text:p text:style-name="P15"><text:span text:style-name="T7">Name</text:span><text:span text:style-name="T9">.</text:span></text:p></table:table-cell><table:table-cell table:style-name="Tableau5.C1" office:value-type="string"><text:p text:style-name="P16"><text:span text:style-name="T7">Q</text:span><text:span text:style-name="T6">uantiy</text:span></text:p></table:table-cell></table:table-row></table:table-header-rows><table:table-row table:style-name="Tableau5.1"><table:table-cell table:style-name="Tableau5.A2" office:value-type="string"><text:p text:style-name="P10"><text:a xlink:type="simple" xlink:href="py3o://for=%22l%20in%20o.expense_line_ids%22" text:style-name="Internet_20_link" text:visited-style-name="Visited_20_Internet_20_Link"><text:span text:style-name="T13">for=&quot;l in </text:span></text:a><text:a xlink:type="simple" xlink:href="py3o://for=%22obj%20in%20objects%22" text:style-name="Internet_20_link" text:visited-style-name="Visited_20_Internet_20_Link"><text:span text:style-name="T3">obj</text:span></text:a><text:a xlink:type="simple" xlink:href="py3o://for=%22l%20in%20o.expense_line_ids%22" text:style-name="Internet_20_link" text:visited-style-name="Visited_20_Internet_20_Link"><text:span text:style-name="T13">.filtered(lambda r: r.salary_rule_id.appears_on_payslip)&quot;</text:span></text:a></text:p></table:table-cell><table:table-cell table:style-name="Tableau5.B2" office:value-type="string"><text:p text:style-name="P10"/></table:table-cell><table:table-cell table:style-name="Tableau5.C2" office:value-type="string"><text:p text:style-name="P10"/></table:table-cell></table:table-row><table:table-row table:style-name="Tableau5.1"><table:table-cell table:style-name="Tableau5.A3" office:value-type="string"><text:p text:style-name="P10"><text:span text:style-name="T17">l.code</text:span></text:p></table:table-cell><table:table-cell table:style-name="Tableau5.B3" office:value-type="string"><text:p text:style-name="P11">l.name</text:p></table:table-cell><table:table-cell table:style-name="Tableau5.C3" office:value-type="string"><text:p text:style-name="P12"><text:a xlink:type="simple" xlink:href="py3o://function=%22formatLang(l.quantity,%20dp=&apos;Product%20Unit%20of%20Measure&apos;)%22" text:style-name="Internet_20_link" text:visited-style-name="Visited_20_Internet_20_Link"><text:span text:style-name="T18">l</text:span></text:a><text:span text:style-name="T18">.quantity</text:span></text:p></table:table-cell></table:table-row><table:table-row table:style-name="Tableau5.1"><table:table-cell table:style-name="Tableau5.A4" office:value-type="string"><text:p text:style-name="P10"><text:a xlink:type="simple" xlink:href="py3o:///for" text:style-name="Internet_20_link" text:visited-style-name="Visited_20_Internet_20_Link">/for</text:a></text:p></table:table-cell><table:table-cell table:style-name="Tableau5.B4" office:value-type="string"><text:p text:style-name="P10"/></table:table-cell><table:table-cell table:style-name="Tableau5.C4" office:value-type="string"><text:p text:style-name="P10"/></table:table-cell></table:table-row></table:table><text:p text:style-name="P5"><text:a xlink:type="simple" xlink:href="py3o:///for" text:style-name="Internet_20_link" text:visited-style-name="Visited_20_Internet_20_Link"><text:span text:style-name="T1">for</text:span></text:a></text:p></office:text></office:body></office:document-content>