<?xml version="1.0" encoding="UTF-8"?>
<office:document-meta xmlns:grddl="http://www.w3.org/2003/g/data-view#" xmlns:meta="urn:oasis:names:tc:opendocument:xmlns:meta:1.0" xmlns:xlink="http://www.w3.org/1999/xlink" xmlns:dc="http://purl.org/dc/elements/1.1/" xmlns:ooo="http://openoffice.org/2004/office" xmlns:office="urn:oasis:names:tc:opendocument:xmlns:office:1.0" office:version="1.2"><office:meta><meta:creation-date>2016-12-12T23:20:40.667682566</meta:creation-date><dc:date>2022-09-01T10:56:29.259098775</dc:date><meta:editing-duration>PT20H49M41S</meta:editing-duration><meta:editing-cycles>490</meta:editing-cycles><meta:generator>LibreOffice/6.4.7.2$Linux_X86_64 LibreOffice_project/40$Build-2</meta:generator><meta:document-statistic meta:table-count="2" meta:image-count="0" meta:object-count="0" meta:page-count="1" meta:paragraph-count="11" meta:word-count="20" meta:character-count="145" meta:non-whitespace-character-count="136"/></office:meta></office:document-meta>