<?xml version="1.0" encoding="UTF-8"?>
<office:document-styles xmlns:officeooo="http://openoffice.org/2009/office" xmlns:css3t="http://www.w3.org/TR/css3-text/" xmlns:chart="urn:oasis:names:tc:opendocument:xmlns:chart:1.0" xmlns:svg="urn:oasis:names:tc:opendocument:xmlns:svg-compatible:1.0" xmlns:draw="urn:oasis:names:tc:opendocument:xmlns:drawing:1.0" xmlns:rpt="http://openoffice.org/2005/report" xmlns:text="urn:oasis:names:tc:opendocument:xmlns:text:1.0" xmlns:style="urn:oasis:names:tc:opendocument:xmlns:style:1.0" xmlns:meta="urn:oasis:names:tc:opendocument:xmlns:meta:1.0" xmlns:xlink="http://www.w3.org/1999/xlink" xmlns:xhtml="http://www.w3.org/1999/xhtml" xmlns:fo="urn:oasis:names:tc:opendocument:xmlns:xsl-fo-compatible:1.0" xmlns:of="urn:oasis:names:tc:opendocument:xmlns:of:1.2" xmlns:dc="http://purl.org/dc/elements/1.1/" xmlns:grddl="http://www.w3.org/2003/g/data-view#" xmlns:ooo="http://openoffice.org/2004/office" xmlns:dr3d="urn:oasis:names:tc:opendocument:xmlns:dr3d:1.0" xmlns:calcext="urn:org:documentfoundation:names:experimental:calc:xmlns:calcext:1.0" xmlns:drawooo="http://openoffice.org/2010/draw" xmlns:field="urn:openoffice:names:experimental:ooo-ms-interop:xmlns:field:1.0" xmlns:office="urn:oasis:names:tc:opendocument:xmlns:office:1.0" xmlns:table="urn:oasis:names:tc:opendocument:xmlns:table:1.0" xmlns:number="urn:oasis:names:tc:opendocument:xmlns:datastyle:1.0" xmlns:ooow="http://openoffice.org/2004/writer" xmlns:oooc="http://openoffice.org/2004/calc" xmlns:tableooo="http://openoffice.org/2009/table" xmlns:loext="urn:org:documentfoundation:names:experimental:office:xmlns:loext:1.0" xmlns:math="http://www.w3.org/1998/Math/MathML" xmlns:form="urn:oasis:names:tc:opendocument:xmlns:form:1.0" xmlns:script="urn:oasis:names:tc:opendocument:xmlns:script:1.0" xmlns:dom="http://www.w3.org/2001/xml-events" office:version="1.2"><office:font-face-decls><style:font-face style:name="FreeSans1" svg:font-family="FreeSans" style:font-family-generic="swiss"/><style:font-face style:name="Liberation Mono" svg:font-family="&apos;Liberation Mono&apos;" style:font-family-generic="modern" style:font-pitch="fixed"/><style:font-face style:name="Noto Sans Mono CJK SC" svg:font-family="&apos;Noto Sans Mono CJK SC&apos;" style:font-family-generic="modern" style:font-pitch="fixed"/><style:font-face style:name="Liberation Serif" svg:font-family="&apos;Liberation Serif&apos;" style:font-family-generic="roman" style:font-pitch="variable"/><style:font-face style:name="Arial1" svg:font-family="Arial" style:font-family-generic="swiss" style:font-pitch="variable"/><style:font-face style:name="Arial2" svg:font-family="Arial" style:font-adornments="Gras" style:font-family-generic="swiss" style:font-pitch="variable"/><style:font-face style:name="Arial" svg:font-family="Arial" style:font-adornments="Normal" style:font-family-generic="swiss" style:font-pitch="variable"/><style:font-face style:name="Liberation Sans" svg:font-family="&apos;Liberation Sans&apos;" style:font-family-generic="swiss" style:font-pitch="variable"/><style:font-face style:name="FreeSans" svg:font-family="FreeSans" style:font-family-generic="system" style:font-pitch="variable"/><style:font-face style:name="Noto Sans CJK SC Regular" svg:font-family="&apos;Noto Sans CJK SC Regular&apos;" style:font-family-generic="system" style:font-pitch="variable"/></office:font-face-decls><office:styles><style:default-style style:family="graphic"><style:graphic-properties svg:stroke-color="#3465a4" draw:fill-color="#729fcf" fo:wrap-option="no-wrap" draw:shadow-offset-x="0.3cm" draw:shadow-offset-y="0.3cm" draw:start-line-spacing-horizontal="0.283cm" draw:start-line-spacing-vertical="0.283cm" draw:end-line-spacing-horizontal="0.283cm" draw:end-line-spacing-vertical="0.283cm" style:flow-with-text="false"/><style:paragraph-properties style:text-autospace="ideograph-alpha" style:line-break="strict" style:writing-mode="lr-tb" style:font-independent-line-spacing="false"><style:tab-stops/></style:paragraph-properties><style:text-properties style:use-window-font-color="true" style:font-name="Liberation Serif" fo:font-size="12pt" fo:language="fr" fo:country="FR" style:letter-kerning="true" style:font-name-asian="Noto Sans CJK SC Regular" style:font-size-asian="10.5pt" style:language-asian="zh" style:country-asian="CN" style:font-name-complex="FreeSans" style:font-size-complex="12pt" style:language-complex="hi" style:country-complex="IN"/></style:default-style><style:default-style style:family="paragraph"><style:paragraph-properties fo:orphans="2" fo:widows="2" fo:hyphenation-ladder-count="no-limit" style:text-autospace="ideograph-alpha" style:punctuation-wrap="hanging" style:line-break="strict" style:tab-stop-distance="1.251cm" style:writing-mode="page"/><style:text-properties style:use-window-font-color="true" style:font-name="Liberation Serif" fo:font-size="12pt" fo:language="fr" fo:country="FR" style:letter-kerning="true" style:font-name-asian="Noto Sans CJK SC Regular" style:font-size-asian="10.5pt" style:language-asian="zh" style:country-asian="CN" style:font-name-complex="FreeSans" style:font-size-complex="12pt" style:language-complex="hi" style:country-complex="IN" fo:hyphenate="false" fo:hyphenation-remain-char-count="2" fo:hyphenation-push-char-count="2" loext:hyphenation-no-caps="false"/></style:default-style><style:default-style style:family="table"><style:table-properties table:border-model="collapsing"/></style:default-style><style:default-style style:family="table-row"><style:table-row-properties fo:keep-together="auto"/></style:default-style><style:style style:name="Standard" style:family="paragraph" style:class="text"><style:text-properties style:font-name="Arial" fo:font-family="Arial" style:font-style-name="Normal" style:font-family-generic="swiss" style:font-pitch="variable" fo:font-size="10pt" style:font-size-asian="10.5pt"/></style:style><style:style style:name="Heading" style:family="paragraph" style:parent-style-name="Standard" style:next-style-name="Text_20_body" style:class="text"><style:paragraph-properties fo:margin-top="0.423cm" fo:margin-bottom="0.212cm" loext:contextual-spacing="false" fo:keep-with-next="always"/><style:text-properties style:font-name="Liberation Sans" fo:font-family="&apos;Liberation Sans&apos;" style:font-family-generic="swiss" style:font-pitch="variable" fo:font-size="14pt" style:font-name-asian="Noto Sans CJK SC Regular" style:font-family-asian="&apos;Noto Sans CJK SC Regular&apos;" style:font-family-generic-asian="system" style:font-pitch-asian="variable" style:font-size-asian="14pt" style:font-name-complex="FreeSans" style:font-family-complex="FreeSans" style:font-family-generic-complex="system" style:font-pitch-complex="variable" style:font-size-complex="14pt"/></style:style><style:style style:name="Text_20_body" style:display-name="Text body" style:family="paragraph" style:parent-style-name="Standard" style:class="text" style:master-page-name=""><style:paragraph-properties fo:margin-top="0cm" fo:margin-bottom="0cm" loext:contextual-spacing="false" fo:line-height="100%" style:page-number="auto"/><style:text-properties style:font-name="Arial" fo:font-family="Arial" style:font-style-name="Normal" style:font-family-generic="swiss" style:font-pitch="variable" fo:font-size="10pt" style:font-size-asian="10.5pt"/></style:style><style:style style:name="List" style:family="paragraph" style:parent-style-name="Text_20_body" style:class="list"><style:text-properties style:font-size-asian="12pt" style:font-name-complex="FreeSans1" style:font-family-complex="FreeSans" style:font-family-generic-complex="swiss"/></style:style><style:style style:name="Caption" style:family="paragraph" style:parent-style-name="Standard" style:class="extra"><style:paragraph-properties fo:margin-top="0.212cm" fo:margin-bottom="0.212cm" loext:contextual-spacing="false" text:number-lines="false" text:line-number="0"/><style:text-properties fo:font-size="12pt" fo:font-style="italic" style:font-size-asian="12pt" style:font-style-asian="italic" style:font-name-complex="FreeSans1" style:font-family-complex="FreeSans" style:font-family-generic-complex="swiss" style:font-size-complex="12pt" style:font-style-complex="italic"/></style:style><style:style style:name="Index" style:family="paragraph" style:parent-style-name="Standard" style:class="index"><style:paragraph-properties text:number-lines="false" text:line-number="0"/><style:text-properties style:font-size-asian="12pt" style:font-name-complex="FreeSans1" style:font-family-complex="FreeSans" style:font-family-generic-complex="swiss"/></style:style><style:style style:name="Table_20_Contents" style:display-name="Table Contents" style:family="paragraph" style:parent-style-name="Standard" style:class="extra" style:master-page-name=""><style:paragraph-properties style:page-number="auto" text:number-lines="false" text:line-number="0"/><style:text-properties style:font-name="Arial" fo:font-family="Arial" style:font-style-name="Normal" style:font-family-generic="swiss" style:font-pitch="variable" fo:font-size="9pt" style:font-size-asian="10.5pt"/></style:style><style:style style:name="Frame_20_contents" style:display-name="Frame contents" style:family="paragraph" style:parent-style-name="Standard" style:class="extra"/><style:style style:name="Header_20_and_20_Footer" style:display-name="Header and Footer" style:family="paragraph" style:parent-style-name="Standard" style:class="extra"><style:paragraph-properties text:number-lines="false" text:line-number="0"><style:tab-stops><style:tab-stop style:position="8.5cm" style:type="center"/><style:tab-stop style:position="17cm" style:type="right"/></style:tab-stops></style:paragraph-properties></style:style><style:style style:name="Header" style:family="paragraph" style:parent-style-name="Standard" style:class="extra"><style:paragraph-properties text:number-lines="false" text:line-number="0"><style:tab-stops><style:tab-stop style:position="8.5cm" style:type="center"/><style:tab-stop style:position="17cm" style:type="right"/></style:tab-stops></style:paragraph-properties><style:text-properties style:font-name="Arial" fo:font-family="Arial" style:font-style-name="Normal" style:font-family-generic="swiss" style:font-pitch="variable" fo:font-size="8pt" style:font-size-asian="10.5pt"/></style:style><style:style style:name="Heading_20_1" style:display-name="Heading 1" style:family="paragraph" style:parent-style-name="Heading" style:next-style-name="Text_20_body" style:default-outline-level="1" style:class="text"><style:paragraph-properties fo:margin-left="0cm" fo:margin-right="0cm" fo:margin-top="0cm" fo:margin-bottom="0cm" loext:contextual-spacing="false" fo:text-align="start" style:justify-single-word="false" fo:text-indent="0cm" style:auto-text-indent="false"/><style:text-properties style:font-name="Arial2" fo:font-family="Arial" style:font-style-name="Gras" style:font-family-generic="swiss" style:font-pitch="variable" fo:font-size="110%" fo:font-weight="bold" style:font-size-asian="130%" style:font-weight-asian="bold" style:font-size-complex="130%" style:font-weight-complex="600"/></style:style><style:style style:name="Table_20_Heading" style:display-name="Table Heading" style:family="paragraph" style:parent-style-name="Table_20_Contents" style:class="extra"><style:paragraph-properties fo:text-align="start" style:justify-single-word="false" text:number-lines="false" text:line-number="0"/><style:text-properties fo:font-weight="bold" style:font-size-asian="10.5pt" style:font-weight-asian="bold" style:font-weight-complex="600"/></style:style><style:style style:name="Endnote" style:family="paragraph" style:parent-style-name="Standard" style:class="extra" style:master-page-name=""><style:paragraph-properties fo:margin-left="0.598cm" fo:margin-right="0cm" fo:text-indent="-0.598cm" style:auto-text-indent="false" style:page-number="auto" text:number-lines="false" text:line-number="0"/><style:text-properties style:font-name="Arial" fo:font-family="Arial" style:font-style-name="Normal" style:font-family-generic="swiss" style:font-pitch="variable" fo:font-size="7pt" fo:font-style="italic" style:font-size-asian="10pt" style:font-size-complex="10pt"/></style:style><style:style style:name="Table_20_Main_20_Header" style:display-name="Table Main Header" style:family="paragraph" style:parent-style-name="Standard" style:master-page-name=""><style:paragraph-properties fo:text-align="center" style:justify-single-word="false" style:page-number="auto"/><style:text-properties style:font-name="Arial1" fo:font-family="Arial" style:font-family-generic="swiss" style:font-pitch="variable" fo:font-size="9pt" fo:font-weight="bold" officeooo:rsid="0046ed1a" style:font-size-asian="11pt" style:font-size-complex="11pt"/></style:style><style:style style:name="Table_20_Main_20_Content_20_Left" style:display-name="Table Main Content Left" style:family="paragraph" style:parent-style-name="Standard" style:master-page-name=""><style:paragraph-properties style:page-number="auto"/><style:text-properties style:font-name="Arial" fo:font-family="Arial" style:font-style-name="Normal" style:font-family-generic="swiss" style:font-pitch="variable" fo:font-size="8pt" style:font-size-asian="10.5pt"/></style:style><style:style style:name="Table_20_Bottom_20_small_20_Header" style:display-name="Table Bottom small Header" style:family="paragraph" style:parent-style-name="Standard" style:master-page-name=""><style:paragraph-properties fo:text-align="center" style:justify-single-word="false" style:page-number="auto"/><style:text-properties style:font-name="Arial2" fo:font-family="Arial" style:font-style-name="Gras" style:font-family-generic="swiss" style:font-pitch="variable" fo:font-size="7pt" fo:font-weight="bold" style:font-size-asian="10.5pt"/></style:style><style:style style:name="Table_20_Bottom_20_small_20_Content_20_Left" style:display-name="Table Bottom small Content Left" style:family="paragraph" style:parent-style-name="Standard" style:master-page-name=""><style:paragraph-properties fo:text-align="start" style:justify-single-word="false" style:page-number="auto"/><style:text-properties style:font-name="Arial" fo:font-family="Arial" style:font-style-name="Normal" style:font-family-generic="swiss" style:font-pitch="variable" fo:font-size="7pt" fo:font-weight="normal" style:font-size-asian="10.5pt"/></style:style><style:style style:name="List_20_Contents" style:display-name="List Contents" style:family="paragraph" style:parent-style-name="Standard" style:class="html"><style:paragraph-properties fo:margin-left="1cm" fo:margin-right="0cm" fo:text-indent="0cm" style:auto-text-indent="false"/></style:style><style:style style:name="Table_20_Main_20_Content_20_Right" style:display-name="Table Main Content Right" style:family="paragraph" style:parent-style-name="Table_20_Main_20_Content_20_Left" style:master-page-name=""><style:paragraph-properties fo:text-align="end" style:justify-single-word="false" style:page-number="auto"/><style:text-properties style:font-size-asian="10.5pt"/></style:style><style:style style:name="Table_20_Totals_20_Header" style:display-name="Table Totals Header" style:family="paragraph" style:parent-style-name="Table_20_Totals_20_Content" style:master-page-name=""><style:paragraph-properties fo:text-align="end" style:justify-single-word="false" style:page-number="auto"/><style:text-properties style:font-name="Arial2" fo:font-family="Arial" style:font-style-name="Gras" style:font-family-generic="swiss" style:font-pitch="variable" fo:font-size="11pt" fo:font-weight="bold" style:font-size-asian="10.5pt"/></style:style><style:style style:name="Table_20_Totals_20_Content" style:display-name="Table Totals Content" style:family="paragraph" style:parent-style-name="Standard" style:master-page-name=""><style:paragraph-properties fo:text-align="end" style:justify-single-word="false" style:page-number="auto"/><style:text-properties style:font-name="Arial" fo:font-family="Arial" style:font-style-name="Normal" style:font-family-generic="swiss" style:font-pitch="variable" fo:font-size="10pt" style:font-size-asian="10.5pt"/></style:style><style:style style:name="Table_20_Totals_20_Content_20_Highlight" style:display-name="Table Totals Content Highlight" style:family="paragraph" style:parent-style-name="Table_20_Totals_20_Content"><style:paragraph-properties fo:text-align="end" style:justify-single-word="false"/><style:text-properties style:font-name="Arial2" fo:font-family="Arial" style:font-style-name="Gras" style:font-family-generic="swiss" style:font-pitch="variable" fo:font-weight="bold" style:font-size-asian="10.5pt"/></style:style><style:style style:name="Table_20_Bottom_20_small_20_Content_20_Right" style:display-name="Table Bottom small Content Right" style:family="paragraph" style:parent-style-name="Table_20_Bottom_20_small_20_Content_20_Left" style:master-page-name=""><style:paragraph-properties fo:text-align="end" style:justify-single-word="false" style:page-number="auto" style:shadow="none"><style:tab-stops/></style:paragraph-properties><style:text-properties style:font-name="Arial1" fo:font-family="Arial" style:font-family-generic="swiss" style:font-pitch="variable" fo:font-size="7pt" officeooo:rsid="001fa37b" style:font-size-asian="11pt" style:font-size-complex="11pt"/></style:style><style:style style:name="Small_20_new_20_line" style:display-name="Small new line" style:family="paragraph" style:parent-style-name="Standard" style:master-page-name=""><style:paragraph-properties fo:text-align="start" style:justify-single-word="false" style:page-number="auto" style:shadow="none"><style:tab-stops/></style:paragraph-properties><style:text-properties style:font-name="Arial" fo:font-family="Arial" style:font-style-name="Normal" style:font-family-generic="swiss" style:font-pitch="variable" fo:font-size="6pt" style:font-size-asian="10.5pt"/></style:style><style:style style:name="Table_20_Header_20_center" style:display-name="Table Header center" style:family="paragraph" style:parent-style-name="Table_20_Heading" style:master-page-name=""><style:paragraph-properties fo:text-align="center" style:justify-single-word="false" style:page-number="auto"/><style:text-properties style:font-size-asian="10.5pt"/></style:style><style:style style:name="Table_20_Bottom_20_small_20_Content_20_Center" style:display-name="Table Bottom small Content Center" style:family="paragraph" style:parent-style-name="Table_20_Bottom_20_small_20_Content_20_Right" style:master-page-name=""><style:paragraph-properties fo:text-align="center" style:justify-single-word="false" style:page-number="auto"/></style:style><style:style style:name="Footer" style:family="paragraph" style:parent-style-name="Standard" style:class="extra" style:master-page-name=""><style:paragraph-properties fo:text-align="center" style:justify-single-word="false" style:page-number="auto" text:number-lines="false" text:line-number="0"><style:tab-stops><style:tab-stop style:position="9.4cm" style:type="center"/><style:tab-stop style:position="18.8cm" style:type="right"/></style:tab-stops></style:paragraph-properties><style:text-properties style:font-name="Arial" fo:font-family="Arial" style:font-style-name="Normal" style:font-family-generic="swiss" style:font-pitch="variable" fo:font-size="8pt" style:font-size-asian="10.5pt"/></style:style><style:style style:name="Adresse" style:family="paragraph" style:parent-style-name="Standard" style:master-page-name=""><style:paragraph-properties style:page-number="auto"/><style:text-properties style:font-name="Arial" fo:font-family="Arial" style:font-style-name="Normal" style:font-family-generic="swiss" style:font-pitch="variable" officeooo:rsid="0061af5f" style:font-size-asian="10.5pt"/></style:style><style:style style:name="Heading_20_2" style:display-name="Heading 2" style:family="paragraph" style:parent-style-name="Heading" style:next-style-name="Text_20_body" style:default-outline-level="2" style:class="text"><style:paragraph-properties fo:margin-left="0cm" fo:margin-right="0cm" fo:margin-top="0.353cm" fo:margin-bottom="0.212cm" loext:contextual-spacing="false" fo:text-indent="0cm" style:auto-text-indent="false"/><style:text-properties fo:font-size="115%" fo:font-weight="bold" style:font-size-asian="115%" style:font-weight-asian="bold" style:font-size-complex="115%" style:font-weight-complex="bold"/></style:style><style:style style:name="Table_20_Main_20_Content_20_Center" style:display-name="Table Main Content Center" style:family="paragraph" style:parent-style-name="Table_20_Main_20_Content_20_Left"><style:paragraph-properties fo:text-align="center" style:justify-single-word="false"/><style:text-properties style:font-name="Arial" fo:font-family="Arial" style:font-style-name="Normal" style:font-family-generic="swiss" style:font-pitch="variable" fo:font-size="9pt" style:font-size-asian="10.5pt"/></style:style><style:style style:name="Table_20_Main_20_Subtotal" style:display-name="Table Main Subtotal" style:family="paragraph" style:parent-style-name="Standard"><style:paragraph-properties fo:text-align="end" style:justify-single-word="false"/><style:text-properties fo:font-size="10pt" fo:font-style="italic" fo:font-weight="bold" style:font-size-asian="10.5pt"/></style:style><style:style style:name="Table_20_Main_20_Category_20_Title" style:display-name="Table Main Category Title" style:family="paragraph" style:parent-style-name="Table_20_Main_20_Subtotal"><style:paragraph-properties fo:text-align="start" style:justify-single-word="false"/><style:text-properties style:font-name="Arial2" fo:font-family="Arial" style:font-style-name="Gras" style:font-family-generic="swiss" style:font-pitch="variable" fo:font-style="normal" style:font-size-asian="10.5pt"/></style:style><style:style style:name="Table_20_Main_20_Content_20_Small_20_Left" style:display-name="Table Main Content Small Left" style:family="paragraph" style:parent-style-name="Table_20_Main_20_Content_20_Left" style:master-page-name=""><loext:graphic-properties draw:fill-image-width="0cm" draw:fill-image-height="0cm"/><style:paragraph-properties style:page-number="auto"/><style:text-properties fo:font-size="7pt" fo:background-color="transparent" style:font-size-asian="10.5pt"/></style:style><style:style style:name="Table_20_Main_20_Header_20_Left" style:display-name="Table Main Header Left" style:family="paragraph" style:parent-style-name="Table_20_Main_20_Header" style:master-page-name=""><style:paragraph-properties fo:text-align="start" style:justify-single-word="false" style:page-number="auto"/></style:style><style:style style:name="Preformatted_20_Text" style:display-name="Preformatted Text" style:family="paragraph" style:parent-style-name="Standard" style:class="html"><style:paragraph-properties fo:margin-top="0cm" fo:margin-bottom="0cm" loext:contextual-spacing="false"/><style:text-properties style:font-name="Liberation Mono" fo:font-family="&apos;Liberation Mono&apos;" style:font-family-generic="modern" style:font-pitch="fixed" fo:font-size="10pt" style:font-name-asian="Noto Sans Mono CJK SC" style:font-family-asian="&apos;Noto Sans Mono CJK SC&apos;" style:font-family-generic-asian="modern" style:font-pitch-asian="fixed" style:font-size-asian="10pt" style:font-name-complex="Liberation Mono" style:font-family-complex="&apos;Liberation Mono&apos;" style:font-family-generic-complex="modern" style:font-pitch-complex="fixed" style:font-size-complex="10pt"/></style:style><style:style style:name="Internet_20_link" style:display-name="Internet link" style:family="text"><style:text-properties fo:color="#000080" fo:language="zxx" fo:country="none" style:text-underline-style="solid" style:text-underline-width="auto" style:text-underline-color="font-color" style:language-asian="zxx" style:country-asian="none" style:language-complex="zxx" style:country-complex="none"/></style:style><style:style style:name="Visited_20_Internet_20_Link" style:display-name="Visited Internet Link" style:family="text"><style:text-properties fo:color="#800000" fo:language="zxx" fo:country="none" style:text-underline-style="solid" style:text-underline-width="auto" style:text-underline-color="font-color" style:language-asian="zxx" style:country-asian="none" style:language-complex="zxx" style:country-complex="none"/></style:style><style:style style:name="Frame" style:family="graphic"><style:graphic-properties text:anchor-type="paragraph" svg:x="0cm" svg:y="0cm" fo:margin-left="0.201cm" fo:margin-right="0.201cm" fo:margin-top="0.201cm" fo:margin-bottom="0.201cm" style:wrap="parallel" style:number-wrapped-paragraphs="no-limit" style:wrap-contour="false" style:vertical-pos="top" style:vertical-rel="paragraph-content" style:horizontal-pos="center" style:horizontal-rel="paragraph-content" fo:padding="0.15cm" fo:border="0.06pt solid #000000"/></style:style><text:outline-style style:name="Outline"><text:outline-level-style text:level="1" style:num-format=""><style:list-level-properties text:list-level-position-and-space-mode="label-alignment"><style:list-level-label-alignment text:label-followed-by="listtab" text:list-tab-stop-position="0.762cm" fo:text-indent="-0.762cm" fo:margin-left="0.762cm"/></style:list-level-properties></text:outline-level-style><text:outline-level-style text:level="2" style:num-format=""><style:list-level-properties text:list-level-position-and-space-mode="label-alignment"><style:list-level-label-alignment text:label-followed-by="listtab" text:list-tab-stop-position="1.016cm" fo:text-indent="-1.016cm" fo:margin-left="1.016cm"/></style:list-level-properties></text:outline-level-style><text:outline-level-style text:level="3" style:num-format=""><style:list-level-properties text:list-level-position-and-space-mode="label-alignment"><style:list-level-label-alignment text:label-followed-by="listtab" text:list-tab-stop-position="1.27cm" fo:text-indent="-1.27cm" fo:margin-left="1.27cm"/></style:list-level-properties></text:outline-level-style><text:outline-level-style text:level="4" style:num-format=""><style:list-level-properties text:list-level-position-and-space-mode="label-alignment"><style:list-level-label-alignment text:label-followed-by="listtab" text:list-tab-stop-position="1.524cm" fo:text-indent="-1.524cm" fo:margin-left="1.524cm"/></style:list-level-properties></text:outline-level-style><text:outline-level-style text:level="5" style:num-format=""><style:list-level-properties text:list-level-position-and-space-mode="label-alignment"><style:list-level-label-alignment text:label-followed-by="listtab" text:list-tab-stop-position="1.778cm" fo:text-indent="-1.778cm" fo:margin-left="1.778cm"/></style:list-level-properties></text:outline-level-style><text:outline-level-style text:level="6" style:num-format=""><style:list-level-properties text:list-level-position-and-space-mode="label-alignment"><style:list-level-label-alignment text:label-followed-by="listtab" text:list-tab-stop-position="2.032cm" fo:text-indent="-2.032cm" fo:margin-left="2.032cm"/></style:list-level-properties></text:outline-level-style><text:outline-level-style text:level="7" style:num-format=""><style:list-level-properties text:list-level-position-and-space-mode="label-alignment"><style:list-level-label-alignment text:label-followed-by="listtab" text:list-tab-stop-position="2.286cm" fo:text-indent="-2.286cm" fo:margin-left="2.286cm"/></style:list-level-properties></text:outline-level-style><text:outline-level-style text:level="8" style:num-format=""><style:list-level-properties text:list-level-position-and-space-mode="label-alignment"><style:list-level-label-alignment text:label-followed-by="listtab" text:list-tab-stop-position="2.54cm" fo:text-indent="-2.54cm" fo:margin-left="2.54cm"/></style:list-level-properties></text:outline-level-style><text:outline-level-style text:level="9" style:num-format=""><style:list-level-properties text:list-level-position-and-space-mode="label-alignment"><style:list-level-label-alignment text:label-followed-by="listtab" text:list-tab-stop-position="2.794cm" fo:text-indent="-2.794cm" fo:margin-left="2.794cm"/></style:list-level-properties></text:outline-level-style><text:outline-level-style text:level="10" style:num-format=""><style:list-level-properties text:list-level-position-and-space-mode="label-alignment"><style:list-level-label-alignment text:label-followed-by="listtab" text:list-tab-stop-position="3.048cm" fo:text-indent="-3.048cm" fo:margin-left="3.048cm"/></style:list-level-properties></text:outline-level-style></text:outline-style><text:notes-configuration text:note-class="footnote" style:num-format="1" text:start-value="0" text:footnotes-position="page" text:start-numbering-at="document"/><text:notes-configuration text:note-class="endnote" style:num-format="i" text:start-value="0"/><text:linenumbering-configuration text:number-lines="false" text:offset="0.499cm" style:num-format="1" text:number-position="left" text:increment="5"/></office:styles><office:automatic-styles><style:style style:name="Tableau12" style:family="table"><style:table-properties style:width="18.812cm" fo:margin-left="0cm" table:align="left"/></style:style><style:style style:name="Tableau12.A" style:family="table-column"><style:table-column-properties style:column-width="0.609cm"/></style:style><style:style style:name="Tableau12.B" style:family="table-column"><style:table-column-properties style:column-width="4.286cm"/></style:style><style:style style:name="Tableau12.C" style:family="table-column"><style:table-column-properties style:column-width="13.917cm"/></style:style><style:style style:name="Tableau12.A1" style:family="table-cell"><style:table-cell-properties fo:padding="0cm" fo:border="none"/></style:style><style:style style:name="MP1" style:family="paragraph" style:parent-style-name="Standard"><style:text-properties fo:font-size="4pt" officeooo:paragraph-rsid="0007d180" style:font-size-asian="3.5pt" style:font-size-complex="4pt"/></style:style><style:style style:name="MP2" style:family="paragraph" style:parent-style-name="Table_20_Contents"><style:text-properties officeooo:rsid="01e0f364" officeooo:paragraph-rsid="01e0f364"/></style:style><style:style style:name="MP3" style:family="paragraph" style:parent-style-name="Table_20_Contents"><style:text-properties officeooo:paragraph-rsid="0007d180"/></style:style><style:style style:name="MP4" style:family="paragraph" style:parent-style-name="Header"><style:text-properties style:font-name="Arial1" fo:font-size="8pt" officeooo:rsid="000d9e36" officeooo:paragraph-rsid="01de37c9" style:font-size-asian="8pt" style:font-size-complex="8pt"/></style:style><style:page-layout style:name="Mpm1"><style:page-layout-properties fo:page-width="29.7cm" fo:page-height="21.001cm" style:num-format="1" style:print-orientation="landscape" fo:margin-top="1.101cm" fo:margin-bottom="0.9cm" fo:margin-left="1cm" fo:margin-right="1cm" style:writing-mode="lr-tb" style:layout-grid-color="#c0c0c0" style:layout-grid-lines="20" style:layout-grid-base-height="0.706cm" style:layout-grid-ruby-height="0.353cm" style:layout-grid-mode="none" style:layout-grid-ruby-below="false" style:layout-grid-print="false" style:layout-grid-display="false" style:footnote-max-height="0cm"><style:footnote-sep style:width="0.018cm" style:distance-before-sep="0.101cm" style:distance-after-sep="0.101cm" style:line-style="solid" style:adjustment="left" style:rel-width="25%" style:color="#000000"/></style:page-layout-properties><style:header-style><style:header-footer-properties fo:min-height="0.699cm" fo:margin-left="0cm" fo:margin-right="0cm" fo:margin-bottom="0.199cm" fo:background-color="transparent" style:dynamic-spacing="false" draw:fill="none" draw:fill-color="#729fcf"/></style:header-style><style:footer-style><style:header-footer-properties fo:min-height="0.699cm" fo:margin-left="0cm" fo:margin-right="0cm" fo:margin-top="0.199cm" fo:background-color="transparent" style:dynamic-spacing="false" draw:fill="none" draw:fill-color="#729fcf"/></style:footer-style></style:page-layout></office:automatic-styles><office:master-styles><style:master-page style:name="Standard" style:page-layout-name="Mpm1"><style:header><table:table table:name="Tableau12" table:style-name="Tableau12"><table:table-column table:style-name="Tableau12.A"/><table:table-column table:style-name="Tableau12.B"/><table:table-column table:style-name="Tableau12.C"/><table:table-row table:style-name="TableLine94384467776656"><table:table-cell table:style-name="Tableau12.A1" office:value-type="string"><text:p text:style-name="MP2"/></table:table-cell><table:table-cell table:style-name="Tableau12.A1" office:value-type="string"><text:p text:style-name="MP3"/></table:table-cell><table:table-cell table:style-name="Tableau12.A1" office:value-type="string"><text:p text:style-name="MP4"/></table:table-cell></table:table-row></table:table><text:p text:style-name="MP1"/></style:header><style:footer><text:p text:style-name="Footer">Page <text:page-number text:select-page="current">1</text:page-number><text:s/>/ <text:page-count>1</text:page-count></text:p></style:footer></style:master-page></office:master-styles></office:document-styles>